,source,model,FEest,SE,DF,pvalue,residual,phi,nobs,N,u95CI,l95CI,AIC,BIC,LL,RMSE
(Intercept),df.1s1,mm_H1,21.39901938,1.740980362,2862,7.10E-34,220.8267992,0.017983403,2936,70,24.81134089,17.98669787,24557.41641,24671.08232,-12259.70821,18.06016589
moment_NA_bray.bal.succw,df.1s1,mm_H1,-0.959410009,2.465709481,2862,0.697230385,220.8267992,0.017983403,2936,70,3.873380574,-5.792200593,24557.41641,24671.08232,-12259.70821,18.06016589
moment_NA_bray.gra.succw,df.1s1,mm_H1,-0.450797872,1.318653251,2862,0.7324796,220.8267992,0.017983403,2936,70,2.133762501,-3.035358244,24557.41641,24671.08232,-12259.70821,18.06016589
moment_NAcwL1D,df.1s1,mm_H1,0.284188977,0.034684998,2862,3.78E-16,220.8267992,0.017983403,2936,70,0.352171574,0.216206381,24557.41641,24671.08232,-12259.70821,18.06016589
timecw,df.1s1,mm_H1,0.040652757,0.016108762,2862,0.011668307,220.8267992,0.017983403,2936,70,0.07222593,0.009079583,24557.41641,24671.08232,-12259.70821,18.06016589
moment_NA_bray.bal.succb,df.1s1,mm_H1,55.87428248,43.47040708,67,0.203098558,220.8267992,0.017983403,2936,70,141.0762804,-29.32771539,24557.41641,24671.08232,-12259.70821,18.06016589
moment_NA_bray.gra.succb,df.1s1,mm_H1,-28.75716195,10.25992262,67,0.006617885,220.8267992,0.017983403,2936,70,-8.647713623,-48.86661028,24557.41641,24671.08232,-12259.70821,18.06016589
(Intercept),df.1s1,mm_H2,5.08554784,2.480863924,2860,0.040464211,219.2843387,0.008240904,2936,70,9.948041131,0.223054549,24534.4011,24773.65676,-12227.20055,17.20265763
moment_NA_bray.bal.succw,df.1s1,mm_H2,8.064099784,5.432618047,2860,0.137816862,219.2843387,0.008240904,2936,70,18.71203116,-2.583831587,24534.4011,24773.65676,-12227.20055,17.20265763
moment_NA_bray.gra.succw,df.1s1,mm_H2,7.911153076,2.573996399,2860,0.002135657,219.2843387,0.008240904,2936,70,12.95618602,2.866120134,24534.4011,24773.65676,-12227.20055,17.20265763
person_CESD,df.1s1,mm_H2,52.52396862,9.670606016,66,8.66E-07,219.2843387,0.008240904,2936,70,71.47835641,33.56958083,24534.4011,24773.65676,-12227.20055,17.20265763
timecw,df.1s1,mm_H2,0.041801797,0.015917282,2860,0.008680718,219.2843387,0.008240904,2936,70,0.07299967,0.010603924,24534.4011,24773.65676,-12227.20055,17.20265763
moment_NA_bray.bal.succb,df.1s1,mm_H2,77.80963451,35.05872518,66,0.029900776,219.2843387,0.008240904,2936,70,146.5247359,9.09453315,24534.4011,24773.65676,-12227.20055,17.20265763
moment_NA_bray.gra.succb,df.1s1,mm_H2,-10.6383217,7.943149588,66,0.185064625,219.2843387,0.008240904,2936,70,4.930251492,-26.20689489,24534.4011,24773.65676,-12227.20055,17.20265763
moment_NAcwL1D,df.1s1,mm_H2,0.290638015,0.035579196,2860,4.62E-16,219.2843387,0.008240904,2936,70,0.360373239,0.22090279,24534.4011,24773.65676,-12227.20055,17.20265763
moment_NA_bray.bal.succw:person_CESD,df.1s1,mm_H2,-27.64671427,16.86216388,2860,0.101204383,219.2843387,0.008240904,2936,70,5.403126923,-60.69655547,24534.4011,24773.65676,-12227.20055,17.20265763
moment_NA_bray.gra.succw:person_CESD,df.1s1,mm_H2,-29.30798824,10.22362168,2860,0.004178173,219.2843387,0.008240904,2936,70,-9.269689758,-49.34628672,24534.4011,24773.65676,-12227.20055,17.20265763
(Intercept),df.1s2,mm_H1,25.3782533,1.480148216,2862,8.34E-63,220.739511,-0.027570663,2936,70,28.27934381,22.4771628,24504.21098,24617.87689,-12233.10549,17.118485
moment_NA_bray.bal.succw,df.1s2,mm_H1,-3.766694313,1.861912497,2862,0.043163434,220.739511,-0.027570663,2936,70,-0.117345819,-7.416042807,24504.21098,24617.87689,-12233.10549,17.118485
moment_NA_bray.gra.succw,df.1s2,mm_H1,-4.582572564,1.288550744,2862,0.000382101,220.739511,-0.027570663,2936,70,-2.057013105,-7.108132023,24504.21098,24617.87689,-12233.10549,17.118485
moment_NAcwL1D,df.1s2,mm_H1,0.293492635,0.02795999,2862,2.56E-25,220.739511,-0.027570663,2936,70,0.348294216,0.238691054,24504.21098,24617.87689,-12233.10549,17.118485
timecw,df.1s2,mm_H1,0.038269004,0.015365283,2862,0.012808508,220.739511,-0.027570663,2936,70,0.068384959,0.00815305,24504.21098,24617.87689,-12233.10549,17.118485
moment_NA_bray.bal.succb,df.1s2,mm_H1,-17.79012057,28.0327115,67,0.5278374,220.739511,-0.027570663,2936,70,37.15399396,-72.73423511,24504.21098,24617.87689,-12233.10549,17.118485
moment_NA_bray.gra.succb,df.1s2,mm_H1,-46.01442625,8.508836075,67,9.18E-07,220.739511,-0.027570663,2936,70,-29.33710754,-62.69174495,24504.21098,24617.87689,-12233.10549,17.118485
(Intercept),df.1s2,mm_H2,11.62876403,2.581204046,2860,6.90E-06,220.5189799,-0.034413325,2936,70,16.68792396,6.569604103,24496.45179,24735.70746,-12208.2259,16.53078654
moment_NA_bray.bal.succw,df.1s2,mm_H2,4.307667962,4.116611547,2860,0.295459703,220.5189799,-0.034413325,2936,70,12.37622659,-3.76089067,24496.45179,24735.70746,-12208.2259,16.53078654
moment_NA_bray.gra.succw,df.1s2,mm_H2,3.197488002,2.495081821,2860,0.200116268,220.5189799,-0.034413325,2936,70,8.087848371,-1.692872367,24496.45179,24735.70746,-12208.2259,16.53078654
person_CESD,df.1s2,mm_H2,43.62697242,8.95872443,66,7.30E-06,220.5189799,-0.034413325,2936,70,61.1860723,26.06787254,24496.45179,24735.70746,-12208.2259,16.53078654
timecw,df.1s2,mm_H2,0.035637025,0.01527044,2860,0.019679005,220.5189799,-0.034413325,2936,70,0.065567087,0.005706963,24496.45179,24735.70746,-12208.2259,16.53078654
moment_NA_bray.bal.succb,df.1s2,mm_H2,28.20555802,23.50219327,66,0.234381133,220.5189799,-0.034413325,2936,70,74.26985684,-17.85874079,24496.45179,24735.70746,-12208.2259,16.53078654
moment_NA_bray.gra.succb,df.1s2,mm_H2,-36.76050922,7.406208435,66,5.15E-06,220.5189799,-0.034413325,2936,70,-22.24434068,-51.27667775,24496.45179,24735.70746,-12208.2259,16.53078654
moment_NAcwL1D,df.1s2,mm_H2,0.291761105,0.028330226,2860,1.90E-24,220.5189799,-0.034413325,2936,70,0.347288348,0.236233862,24496.45179,24735.70746,-12208.2259,16.53078654
moment_NA_bray.bal.succw:person_CESD,df.1s2,mm_H2,-28.58517867,14.10912516,2860,0.042856781,220.5189799,-0.034413325,2936,70,-0.931293348,-56.23906399,24496.45179,24735.70746,-12208.2259,16.53078654
moment_NA_bray.gra.succw:person_CESD,df.1s2,mm_H2,-26.68433233,9.114595733,2860,0.003442317,220.5189799,-0.034413325,2936,70,-8.819724691,-44.54893997,24496.45179,24735.70746,-12208.2259,16.53078654
(Intercept),df.1s3,mm_H1,23.564655,1.505637423,2862,4.86E-53,196.5929299,-0.027621312,2936,70,26.51570435,20.61360565,24162.89294,24276.55885,-12062.44647,16.47397223
moment_NA_bray.bal.succw,df.1s3,mm_H1,0.362137398,1.845430987,2862,0.844440486,196.5929299,-0.027621312,2936,70,3.979182132,-3.254907337,24162.89294,24276.55885,-12062.44647,16.47397223
moment_NA_bray.gra.succw,df.1s3,mm_H1,-4.378975669,1.292589557,2862,0.000714199,196.5929299,-0.027621312,2936,70,-1.845500138,-6.9124512,24162.89294,24276.55885,-12062.44647,16.47397223
moment_NAcwL1D,df.1s3,mm_H1,0.289420605,0.026657012,2862,6.13E-27,196.5929299,-0.027621312,2936,70,0.341668349,0.237172861,24162.89294,24276.55885,-12062.44647,16.47397223
timecw,df.1s3,mm_H1,0.033889591,0.014430824,2862,0.0189211,196.5929299,-0.027621312,2936,70,0.062174006,0.005605177,24162.89294,24276.55885,-12062.44647,16.47397223
moment_NA_bray.bal.succb,df.1s3,mm_H1,8.885814227,22.34359475,67,0.692123301,196.5929299,-0.027621312,2936,70,52.67925993,-34.90763148,24162.89294,24276.55885,-12062.44647,16.47397223
moment_NA_bray.gra.succb,df.1s3,mm_H1,-34.57477212,8.024237385,67,5.50E-05,196.5929299,-0.027621312,2936,70,-18.84726684,-50.30227739,24162.89294,24276.55885,-12062.44647,16.47397223
(Intercept),df.1s3,mm_H2,10.50646332,2.62099266,2860,6.26E-05,196.0826853,-0.029018848,2936,70,15.64360894,5.369317711,24155.31529,24394.57096,-12037.65765,15.90992837
moment_NA_bray.bal.succw,df.1s3,mm_H2,11.51911398,4.033729205,2860,0.00432519,196.0826853,-0.029018848,2936,70,19.42522323,3.613004742,24155.31529,24394.57096,-12037.65765,15.90992837
moment_NA_bray.gra.succw,df.1s3,mm_H2,3.059358294,2.330109067,2860,0.189299118,196.0826853,-0.029018848,2936,70,7.626372065,-1.507655476,24155.31529,24394.57096,-12037.65765,15.90992837
person_CESD,df.1s3,mm_H2,42.25496764,9.002504689,66,1.40E-05,196.0826853,-0.029018848,2936,70,59.89987683,24.61005845,24155.31529,24394.57096,-12037.65765,15.90992837
timecw,df.1s3,mm_H2,0.030669544,0.014409138,2860,0.033382654,196.0826853,-0.029018848,2936,70,0.058911454,0.002427635,24155.31529,24394.57096,-12037.65765,15.90992837
moment_NA_bray.bal.succb,df.1s3,mm_H2,21.66221038,20.18577051,66,0.287115241,196.0826853,-0.029018848,2936,70,61.22632058,-17.90189982,24155.31529,24394.57096,-12037.65765,15.90992837
moment_NA_bray.gra.succb,df.1s3,mm_H2,-28.76837211,7.337361535,66,0.000212526,196.0826853,-0.029018848,2936,70,-14.3871435,-43.14960072,24155.31529,24394.57096,-12037.65765,15.90992837
moment_NAcwL1D,df.1s3,mm_H2,0.28469553,0.02707445,2860,2.12E-25,196.0826853,-0.029018848,2936,70,0.337761451,0.231629608,24155.31529,24394.57096,-12037.65765,15.90992837
moment_NA_bray.bal.succw:person_CESD,df.1s3,mm_H2,-39.56805332,13.40851166,2860,0.003193562,196.0826853,-0.029018848,2936,70,-13.28737046,-65.84873618,24155.31529,24394.57096,-12037.65765,15.90992837
moment_NA_bray.gra.succw:person_CESD,df.1s3,mm_H2,-26.48434103,8.637134255,2860,0.00218727,196.0826853,-0.029018848,2936,70,-9.555557888,-43.41312417,24155.31529,24394.57096,-12037.65765,15.90992837
(Intercept),df.2s1,mm_H1,15.24847572,1.119487764,4553,1.93E-41,106.3470749,-0.025873002,4651,94,17.44267174,13.05427971,35470.60138,35593.02468,-17716.30069,12.86113764
moment_NA_bray.bal.succw,df.2s1,mm_H1,-3.856651774,1.510448565,4553,0.010702598,106.3470749,-0.025873002,4651,94,-0.896172587,-6.817130961,35470.60138,35593.02468,-17716.30069,12.86113764
moment_NA_bray.gra.succw,df.2s1,mm_H1,-0.016323588,1.198690462,4553,0.98913546,106.3470749,-0.025873002,4651,94,2.333109719,-2.365756894,35470.60138,35593.02468,-17716.30069,12.86113764
moment_NAcwL1D,df.2s1,mm_H1,0.32734791,0.026975978,4553,2.25E-33,106.3470749,-0.025873002,4651,94,0.380220826,0.274474993,35470.60138,35593.02468,-17716.30069,12.86113764
timecw,df.2s1,mm_H1,0.000278701,0.008120555,4553,0.972623136,106.3470749,-0.025873002,4651,94,0.016194988,-0.015637586,35470.60138,35593.02468,-17716.30069,12.86113764
moment_NA_bray.bal.succb,df.2s1,mm_H1,-19.77805168,12.99477895,91,0.131476573,106.3470749,-0.025873002,4651,94,5.69171506,-45.24781841,35470.60138,35593.02468,-17716.30069,12.86113764
moment_NA_bray.gra.succb,df.2s1,mm_H1,-25.1073807,6.860216918,91,0.000422894,106.3470749,-0.025873002,4651,94,-11.66135554,-38.55340586,35470.60138,35593.02468,-17716.30069,12.86113764
(Intercept),df.2s1,mm_H2,6.925766367,1.181770144,4551,4.94E-09,105.8626735,-0.029100812,4651,94,9.24203585,4.609496885,35399.61262,35657.32003,-17659.80631,12.18951591
moment_NA_bray.bal.succw,df.2s1,mm_H2,7.20357897,2.195421499,4551,0.001041518,105.8626735,-0.029100812,4651,94,11.50660511,2.900552832,35399.61262,35657.32003,-17659.80631,12.18951591
moment_NA_bray.gra.succw,df.2s1,mm_H2,8.314132886,1.923937601,4551,1.58E-05,105.8626735,-0.029100812,4651,94,12.08505058,4.543215188,35399.61262,35657.32003,-17659.80631,12.18951591
person_CESD,df.2s1,mm_H2,31.37204196,5.886843496,90,7.24E-07,105.8626735,-0.029100812,4651,94,42.91025521,19.83382871,35399.61262,35657.32003,-17659.80631,12.18951591
timecw,df.2s1,mm_H2,-0.00110835,0.008060513,4551,0.890638827,105.8626735,-0.029100812,4651,94,0.014690255,-0.016906954,35399.61262,35657.32003,-17659.80631,12.18951591
moment_NA_bray.bal.succb,df.2s1,mm_H2,0.030851119,9.510093704,90,0.997418815,105.8626735,-0.029100812,4651,94,18.67063478,-18.60893254,35399.61262,35657.32003,-17659.80631,12.18951591
moment_NA_bray.gra.succb,df.2s1,mm_H2,-14.38679725,4.823164227,90,0.003674643,105.8626735,-0.029100812,4651,94,-4.933395361,-23.84019913,35399.61262,35657.32003,-17659.80631,12.18951591
moment_NAcwL1D,df.2s1,mm_H2,0.329388924,0.026774158,4551,3.06E-34,105.8626735,-0.029100812,4651,94,0.381866273,0.276911575,35399.61262,35657.32003,-17659.80631,12.18951591
moment_NA_bray.bal.succw:person_CESD,df.2s1,mm_H2,-44.36227634,10.30002356,4551,1.69E-05,105.8626735,-0.029100812,4651,94,-24.17423017,-64.55032252,35399.61262,35657.32003,-17659.80631,12.18951591
moment_NA_bray.gra.succw:person_CESD,df.2s1,mm_H2,-31.11488578,7.618253693,4551,4.50E-05,105.8626735,-0.029100812,4651,94,-16.18310854,-46.04666301,35399.61262,35657.32003,-17659.80631,12.18951591
(Intercept),df.2s2,mm_H1,13.99701389,0.97020946,4555,3.61E-46,92.01535147,-0.036648526,4653,94,15.89862443,12.09540335,34797.96375,34920.39523,-17379.98188,11.71784906
moment_NA_bray.bal.succw,df.2s2,mm_H1,-2.61629762,1.142680664,4555,0.022089232,92.01535147,-0.036648526,4653,94,-0.376643518,-4.855951722,34797.96375,34920.39523,-17379.98188,11.71784906
moment_NA_bray.gra.succw,df.2s2,mm_H1,0.019185741,1.106692893,4555,0.986169244,92.01535147,-0.036648526,4653,94,2.188303812,-2.14993233,34797.96375,34920.39523,-17379.98188,11.71784906
moment_NAcwL1D,df.2s2,mm_H1,0.288535141,0.025759708,4555,9.54E-29,92.01535147,-0.036648526,4653,94,0.339024169,0.238046113,34797.96375,34920.39523,-17379.98188,11.71784906
timecw,df.2s2,mm_H1,0.004948796,0.007488939,4555,0.508764955,92.01535147,-0.036648526,4653,94,0.019627117,-0.009729524,34797.96375,34920.39523,-17379.98188,11.71784906
moment_NA_bray.bal.succb,df.2s2,mm_H1,-19.39420921,12.49276091,91,0.124029056,92.01535147,-0.036648526,4653,94,5.09160218,-43.8800206,34797.96375,34920.39523,-17379.98188,11.71784906
moment_NA_bray.gra.succb,df.2s2,mm_H1,-26.24257134,7.42279314,91,0.00064254,92.01535147,-0.036648526,4653,94,-11.69389679,-40.7912459,34797.96375,34920.39523,-17379.98188,11.71784906
(Intercept),df.2s2,mm_H2,6.253297514,1.310852311,4553,1.90E-06,91.57968816,-0.038478449,4653,94,8.822568043,3.684026984,34745.01323,35002.73787,-17332.50661,11.12221779
moment_NA_bray.bal.succw,df.2s2,mm_H2,2.271867252,1.743488132,4553,0.192620641,91.57968816,-0.038478449,4653,94,5.689103991,-1.145369486,34745.01323,35002.73787,-17332.50661,11.12221779
moment_NA_bray.gra.succw,df.2s2,mm_H2,4.800246954,1.575714168,4553,0.002329306,91.57968816,-0.038478449,4653,94,7.888646724,1.711847185,34745.01323,35002.73787,-17332.50661,11.12221779
person_CESD,df.2s2,mm_H2,29.93122606,6.271861976,90,7.00E-06,91.57968816,-0.038478449,4653,94,42.22407553,17.63837658,34745.01323,35002.73787,-17332.50661,11.12221779
timecw,df.2s2,mm_H2,0.003736801,0.007442542,4553,0.615630907,91.57968816,-0.038478449,4653,94,0.018324183,-0.010850582,34745.01323,35002.73787,-17332.50661,11.12221779
moment_NA_bray.bal.succb,df.2s2,mm_H2,-6.889584126,8.928333167,90,0.442340769,91.57968816,-0.038478449,4653,94,10.60994888,-24.38911713,34745.01323,35002.73787,-17332.50661,11.12221779
moment_NA_bray.gra.succb,df.2s2,mm_H2,-18.52620031,5.313419264,90,0.000758327,91.57968816,-0.038478449,4653,94,-8.111898556,-28.94050207,34745.01323,35002.73787,-17332.50661,11.12221779
moment_NAcwL1D,df.2s2,mm_H2,0.288910342,0.025571986,4553,3.28E-29,91.57968816,-0.038478449,4653,94,0.339031434,0.238789249,34745.01323,35002.73787,-17332.50661,11.12221779
moment_NA_bray.bal.succw:person_CESD,df.2s2,mm_H2,-19.31598633,8.427595789,4553,0.021951503,91.57968816,-0.038478449,4653,94,-2.797898582,-35.83407407,34745.01323,35002.73787,-17332.50661,11.12221779
moment_NA_bray.gra.succw:person_CESD,df.2s2,mm_H2,-17.98099005,7.729465666,4553,0.020046683,91.57968816,-0.038478449,4653,94,-2.831237346,-33.13074276,34745.01323,35002.73787,-17332.50661,11.12221779
(Intercept),df.2s3,mm_H1,15.57443479,1.051322442,4553,1.58E-48,118.0100704,-0.033560282,4651,94,17.63502678,13.5138428,35868.99579,35991.41909,-17915.4979,13.08189656
moment_NA_bray.bal.succw,df.2s3,mm_H1,-3.768834587,1.199677019,4553,0.001691393,118.0100704,-0.033560282,4651,94,-1.41746763,-6.120201544,35868.99579,35991.41909,-17915.4979,13.08189656
moment_NA_bray.gra.succw,df.2s3,mm_H1,-0.13667718,0.877150918,4553,0.876182241,118.0100704,-0.033560282,4651,94,1.582538621,-1.85589298,35868.99579,35991.41909,-17915.4979,13.08189656
moment_NAcwL1D,df.2s3,mm_H1,0.317977352,0.025288138,4553,1.14E-35,118.0100704,-0.033560282,4651,94,0.367542102,0.268412602,35868.99579,35991.41909,-17915.4979,13.08189656
timecw,df.2s3,mm_H1,0.002394052,0.008399379,4553,0.775636178,118.0100704,-0.033560282,4651,94,0.018856835,-0.01406873,35868.99579,35991.41909,-17915.4979,13.08189656
moment_NA_bray.bal.succb,df.2s3,mm_H1,-19.86023246,12.54326941,91,0.11681388,118.0100704,-0.033560282,4651,94,4.724575575,-44.4450405,35868.99579,35991.41909,-17915.4979,13.08189656
moment_NA_bray.gra.succb,df.2s3,mm_H1,-28.49165785,7.73337377,91,0.000389183,118.0100704,-0.033560282,4651,94,-13.33424527,-43.64907044,35868.99579,35991.41909,-17915.4979,13.08189656
(Intercept),df.2s3,mm_H2,6.412502456,1.334993584,4551,1.61E-06,117.025358,-0.037428151,4651,94,9.02908988,3.795915032,35825.13395,36082.84135,-17872.56697,12.30518829
moment_NA_bray.bal.succw,df.2s3,mm_H2,2.834700262,1.906291545,4551,0.137077889,117.025358,-0.037428151,4651,94,6.571031691,-0.901631166,35825.13395,36082.84135,-17872.56697,12.30518829
moment_NA_bray.gra.succw,df.2s3,mm_H2,4.185019659,1.438657644,4551,0.003643713,117.025358,-0.037428151,4651,94,7.00478864,1.365250677,35825.13395,36082.84135,-17872.56697,12.30518829
person_CESD,df.2s3,mm_H2,35.48661843,6.49378719,90,4.09E-07,117.025358,-0.037428151,4651,94,48.21444132,22.75879554,35825.13395,36082.84135,-17872.56697,12.30518829
timecw,df.2s3,mm_H2,0.001571072,0.008368036,4551,0.85108348,117.025358,-0.037428151,4651,94,0.017972422,-0.014830278,35825.13395,36082.84135,-17872.56697,12.30518829
moment_NA_bray.bal.succb,df.2s3,mm_H2,-3.056473931,9.976210408,90,0.760025838,117.025358,-0.037428151,4651,94,16.49689847,-22.60984633,35825.13395,36082.84135,-17872.56697,12.30518829
moment_NA_bray.gra.succb,df.2s3,mm_H2,-25.21144664,6.10987393,90,8.21E-05,117.025358,-0.037428151,4651,94,-13.23609374,-37.18679955,35825.13395,36082.84135,-17872.56697,12.30518829
moment_NAcwL1D,df.2s3,mm_H2,0.328744763,0.024921568,4551,5.09E-39,117.025358,-0.037428151,4651,94,0.377591036,0.279898489,35825.13395,36082.84135,-17872.56697,12.30518829
moment_NA_bray.bal.succw:person_CESD,df.2s3,mm_H2,-27.32558815,9.640457639,4551,0.004610406,117.025358,-0.037428151,4651,94,-8.430291174,-46.22088512,35825.13395,36082.84135,-17872.56697,12.30518829
moment_NA_bray.gra.succw:person_CESD,df.2s3,mm_H2,-15.8581611,7.241584319,4551,0.028583925,117.025358,-0.037428151,4651,94,-1.664655835,-30.05166637,35825.13395,36082.84135,-17872.56697,12.30518829
(Intercept),df.2s4,mm_H1,14.32562165,0.903649598,4555,3.90E-55,100.2698861,-0.073692723,4653,94,16.09677486,12.55446844,35142.88222,35265.31369,-17552.44111,11.82343643
moment_NA_bray.bal.succw,df.2s4,mm_H1,-2.252910534,1.153277178,4555,0.050823197,100.2698861,-0.073692723,4653,94,0.007512734,-4.513333803,35142.88222,35265.31369,-17552.44111,11.82343643
moment_NA_bray.gra.succw,df.2s4,mm_H1,0.022638221,1.00520025,4555,0.982033262,100.2698861,-0.073692723,4653,94,1.992830711,-1.947554268,35142.88222,35265.31369,-17552.44111,11.82343643
moment_NAcwL1D,df.2s4,mm_H1,0.330766438,0.024589168,4555,1.77E-40,100.2698861,-0.073692723,4653,94,0.378961207,0.28257167,35142.88222,35265.31369,-17552.44111,11.82343643
timecw,df.2s4,mm_H1,0.001146029,0.007538587,4555,0.879176481,100.2698861,-0.073692723,4653,94,0.015921659,-0.0136296,35142.88222,35265.31369,-17552.44111,11.82343643
moment_NA_bray.bal.succb,df.2s4,mm_H1,-26.37856097,12.57801055,91,0.038749672,100.2698861,-0.073692723,4653,94,-1.72566029,-51.03146165,35142.88222,35265.31369,-17552.44111,11.82343643
moment_NA_bray.gra.succb,df.2s4,mm_H1,-28.20201129,6.48733321,91,3.59E-05,100.2698861,-0.073692723,4653,94,-15.4868382,-40.91718438,35142.88222,35265.31369,-17552.44111,11.82343643
(Intercept),df.2s4,mm_H2,6.773008715,1.172989149,4553,8.25E-09,99.78225512,-0.071583615,4653,94,9.072067448,4.473949982,35102.56022,35360.28486,-17511.28011,11.34123782
moment_NA_bray.bal.succw,df.2s4,mm_H2,3.393166514,1.749674856,4553,0.052524983,99.78225512,-0.071583615,4653,94,6.822529231,-0.036196202,35102.56022,35360.28486,-17511.28011,11.34123782
moment_NA_bray.gra.succw,df.2s4,mm_H2,4.633087624,1.521978312,4553,0.002346938,99.78225512,-0.071583615,4653,94,7.616165115,1.650010133,35102.56022,35360.28486,-17511.28011,11.34123782
person_CESD,df.2s4,mm_H2,30.66703185,5.831052625,90,9.69E-07,99.78225512,-0.071583615,4653,94,42.09589499,19.2381687,35102.56022,35360.28486,-17511.28011,11.34123782
timecw,df.2s4,mm_H2,-0.000313182,0.007529011,4553,0.966822073,99.78225512,-0.071583615,4653,94,0.01444368,-0.015070043,35102.56022,35360.28486,-17511.28011,11.34123782
moment_NA_bray.bal.succb,df.2s4,mm_H2,-12.43457336,9.275602191,90,0.183434926,99.78225512,-0.071583615,4653,94,5.745606935,-30.61475365,35102.56022,35360.28486,-17511.28011,11.34123782
moment_NA_bray.gra.succb,df.2s4,mm_H2,-21.02279824,4.788911589,90,3.08E-05,99.78225512,-0.071583615,4653,94,-11.63653153,-30.40906496,35102.56022,35360.28486,-17511.28011,11.34123782
moment_NAcwL1D,df.2s4,mm_H2,0.329641934,0.024516297,4553,1.91E-40,99.78225512,-0.071583615,4653,94,0.377693876,0.281589992,35102.56022,35360.28486,-17511.28011,11.34123782
moment_NA_bray.bal.succw:person_CESD,df.2s4,mm_H2,-23.55986613,8.69336421,4553,0.006751544,99.78225512,-0.071583615,4653,94,-6.52087228,-40.59885998,35102.56022,35360.28486,-17511.28011,11.34123782
moment_NA_bray.gra.succw:person_CESD,df.2s4,mm_H2,-18.65212544,7.204689173,4553,0.009659306,99.78225512,-0.071583615,4653,94,-4.530934658,-32.77331622,35102.56022,35360.28486,-17511.28011,11.34123782
(Intercept),df.3s1,mm_H1,15.3883514,0.569130214,9795,2.40E-155,86.42991624,-0.050140109,10000,201,16.50384662,14.27285618,74050.62864,74187.6118,-37006.31432,10.91774586
moment_NA_bray.bal.succw,df.3s1,mm_H1,-3.705788289,0.803280042,9795,4.01E-06,86.42991624,-0.050140109,10000,201,-2.131359407,-5.280217171,74050.62864,74187.6118,-37006.31432,10.91774586
moment_NA_bray.gra.succw,df.3s1,mm_H1,-3.169682899,0.761639494,9795,3.19E-05,86.42991624,-0.050140109,10000,201,-1.67686949,-4.662496307,74050.62864,74187.6118,-37006.31432,10.91774586
moment_NAcwL1D,df.3s1,mm_H1,0.337623875,0.016851306,9795,1.51E-87,86.42991624,-0.050140109,10000,201,0.370652436,0.304595315,74050.62864,74187.6118,-37006.31432,10.91774586
timecw,df.3s1,mm_H1,-0.028429716,0.004683789,9795,1.33E-09,86.42991624,-0.050140109,10000,201,-0.01924949,-0.037609941,74050.62864,74187.6118,-37006.31432,10.91774586
moment_NA_bray.bal.succb,df.3s1,mm_H1,-32.67910738,7.355383783,198,1.48E-05,86.42991624,-0.050140109,10000,201,-18.26255516,-47.09565959,74050.62864,74187.6118,-37006.31432,10.91774586
moment_NA_bray.gra.succb,df.3s1,mm_H1,-28.55941918,4.144232592,198,7.20E-11,86.42991624,-0.050140109,10000,201,-20.4367233,-36.68211506,74050.62864,74187.6118,-37006.31432,10.91774586
(Intercept),df.3s1,mm_H2,9.396424665,0.795117121,9793,5.22E-32,86.38391807,-0.048505176,10000,201,10.95485422,7.837995108,73995.84276,74284.21636,-36957.92138,10.65339586
moment_NA_bray.bal.succw,df.3s1,mm_H2,2.653899644,1.24857732,9793,0.03356663,86.38391807,-0.048505176,10000,201,5.10111119,0.206688097,73995.84276,74284.21636,-36957.92138,10.65339586
moment_NA_bray.gra.succw,df.3s1,mm_H2,1.957784412,1.206917797,9793,0.104806492,86.38391807,-0.048505176,10000,201,4.323343294,-0.407774471,73995.84276,74284.21636,-36957.92138,10.65339586
person_CESD,df.3s1,mm_H2,28.05806121,4.277236404,197,4.64E-10,86.38391807,-0.048505176,10000,201,36.44144456,19.67467786,73995.84276,74284.21636,-36957.92138,10.65339586
timecw,df.3s1,mm_H2,-0.028005293,0.004680599,9793,2.26E-09,86.38391807,-0.048505176,10000,201,-0.018831319,-0.037179267,73995.84276,74284.21636,-36957.92138,10.65339586
moment_NA_bray.bal.succb,df.3s1,mm_H2,-19.41527618,6.625950349,197,0.003787612,86.38391807,-0.048505176,10000,201,-6.428413491,-32.40213886,73995.84276,74284.21636,-36957.92138,10.65339586
moment_NA_bray.gra.succb,df.3s1,mm_H2,-24.10363261,3.625018534,197,2.83E-10,86.38391807,-0.048505176,10000,201,-16.99859629,-31.20866894,73995.84276,74284.21636,-36957.92138,10.65339586
moment_NAcwL1D,df.3s1,mm_H2,0.341930759,0.016752904,9793,1.03E-90,86.38391807,-0.048505176,10000,201,0.374766451,0.309095068,73995.84276,74284.21636,-36957.92138,10.65339586
moment_NA_bray.bal.succw:person_CESD,df.3s1,mm_H2,-34.78666707,6.471427229,9793,7.82E-08,86.38391807,-0.048505176,10000,201,-22.1026697,-47.47066444,73995.84276,74284.21636,-36957.92138,10.65339586
moment_NA_bray.gra.succw:person_CESD,df.3s1,mm_H2,-26.46328908,6.003364519,9793,1.05E-05,86.38391807,-0.048505176,10000,201,-14.69669462,-38.22988353,73995.84276,74284.21636,-36957.92138,10.65339586
(Intercept),df.3s2,mm_H1,15.12774488,0.534474442,9795,1.80E-169,83.05581851,-0.03662847,10000,201,16.17531478,14.08017497,73634.87635,73771.85952,-36798.43818,10.5720052
moment_NA_bray.bal.succw,df.3s2,mm_H1,-3.094288085,0.795126083,9795,0.000100258,83.05581851,-0.03662847,10000,201,-1.535840962,-4.652735209,73634.87635,73771.85952,-36798.43818,10.5720052
moment_NA_bray.gra.succw,df.3s2,mm_H1,-2.6202989,0.765744056,9795,0.000624396,83.05581851,-0.03662847,10000,201,-1.119440551,-4.121157249,73634.87635,73771.85952,-36798.43818,10.5720052
moment_NAcwL1D,df.3s2,mm_H1,0.322103388,0.016473817,9795,1.52E-83,83.05581851,-0.03662847,10000,201,0.354392069,0.289814707,73634.87635,73771.85952,-36798.43818,10.5720052
timecw,df.3s2,mm_H1,-0.031542648,0.004654686,9795,1.30E-11,83.05581851,-0.03662847,10000,201,-0.022419463,-0.040665832,73634.87635,73771.85952,-36798.43818,10.5720052
moment_NA_bray.bal.succb,df.3s2,mm_H1,-25.08126193,7.319863998,198,0.000743541,83.05581851,-0.03662847,10000,201,-10.73432849,-39.42819537,73634.87635,73771.85952,-36798.43818,10.5720052
moment_NA_bray.gra.succb,df.3s2,mm_H1,-33.14231028,4.024323287,198,2.39E-14,83.05581851,-0.03662847,10000,201,-25.25463663,-41.02998392,73634.87635,73771.85952,-36798.43818,10.5720052
(Intercept),df.3s2,mm_H2,10.0269023,0.838836946,9793,1.05E-32,83.11498389,-0.035360411,10000,201,11.67102271,8.382781883,73598.64513,73887.01873,-36759.32257,10.36602351
moment_NA_bray.bal.succw,df.3s2,mm_H2,1.967395139,1.267215057,9793,0.120566691,83.11498389,-0.035360411,10000,201,4.451136651,-0.516346374,73598.64513,73887.01873,-36759.32257,10.36602351
moment_NA_bray.gra.succw,df.3s2,mm_H2,1.339095635,1.127037558,9793,0.234801049,83.11498389,-0.035360411,10000,201,3.54808925,-0.869897979,73598.64513,73887.01873,-36759.32257,10.36602351
person_CESD,df.3s2,mm_H2,23.73549242,4.335213171,197,1.32E-07,83.11498389,-0.035360411,10000,201,32.23251023,15.2384746,73598.64513,73887.01873,-36759.32257,10.36602351
timecw,df.3s2,mm_H2,-0.031265836,0.004654029,9793,1.94E-11,83.11498389,-0.035360411,10000,201,-0.022143939,-0.040387734,73598.64513,73887.01873,-36759.32257,10.36602351
moment_NA_bray.bal.succb,df.3s2,mm_H2,-16.80700499,6.576240362,197,0.011351163,83.11498389,-0.035360411,10000,201,-3.917573885,-29.6964361,73598.64513,73887.01873,-36759.32257,10.36602351
moment_NA_bray.gra.succb,df.3s2,mm_H2,-27.54894129,3.608908499,197,9.62E-13,83.11498389,-0.035360411,10000,201,-20.47548063,-34.62240194,73598.64513,73887.01873,-36759.32257,10.36602351
moment_NAcwL1D,df.3s2,mm_H2,0.32838553,0.016319666,9793,2.83E-88,83.11498389,-0.035360411,10000,201,0.360372075,0.296398985,73598.64513,73887.01873,-36759.32257,10.36602351
moment_NA_bray.bal.succw:person_CESD,df.3s2,mm_H2,-26.72448759,5.973410892,9793,7.77E-06,83.11498389,-0.035360411,10000,201,-15.01660224,-38.43237294,73598.64513,73887.01873,-36759.32257,10.36602351
moment_NA_bray.gra.succw:person_CESD,df.3s2,mm_H2,-20.40977673,5.885878488,9793,0.000527416,83.11498389,-0.035360411,10000,201,-8.873454894,-31.94609857,73598.64513,73887.01873,-36759.32257,10.36602351
(Intercept),df.3s3,mm_H1,15.70128586,0.546204579,9795,1.55E-174,94.0832622,-0.032629826,10000,201,16.77184684,14.63072489,74874.4204,75011.40356,-37418.2102,11.17984222
moment_NA_bray.bal.succw,df.3s3,mm_H1,-3.574276138,0.905696517,9795,7.99E-05,94.0832622,-0.032629826,10000,201,-1.799110965,-5.349441312,74874.4204,75011.40356,-37418.2102,11.17984222
moment_NA_bray.gra.succw,df.3s3,mm_H1,-2.78587743,0.808952346,9795,0.000575982,94.0832622,-0.032629826,10000,201,-1.200330832,-4.371424029,74874.4204,75011.40356,-37418.2102,11.17984222
moment_NAcwL1D,df.3s3,mm_H1,0.328881858,0.016774621,9795,5.54E-84,94.0832622,-0.032629826,10000,201,0.361760115,0.296003602,74874.4204,75011.40356,-37418.2102,11.17984222
timecw,df.3s3,mm_H1,-0.032132943,0.004973857,9795,1.09E-10,94.0832622,-0.032629826,10000,201,-0.022384183,-0.041881703,74874.4204,75011.40356,-37418.2102,11.17984222
moment_NA_bray.bal.succb,df.3s3,mm_H1,-30.72828452,7.296543041,198,3.85E-05,94.0832622,-0.032629826,10000,201,-16.42706016,-45.02950888,74874.4204,75011.40356,-37418.2102,11.17984222
moment_NA_bray.gra.succb,df.3s3,mm_H1,-32.93996218,4.047904426,198,4.39E-14,94.0832622,-0.032629826,10000,201,-25.0060695,-40.87385485,74874.4204,75011.40356,-37418.2102,11.17984222
(Intercept),df.3s3,mm_H2,10.27251346,0.842213994,9793,5.68E-34,93.95193093,-0.033806611,10000,201,11.92325289,8.621774032,74822.35444,75110.72803,-37371.17722,10.94179892
moment_NA_bray.bal.succw,df.3s3,mm_H2,2.59835966,1.379878353,9793,0.059725196,93.95193093,-0.033806611,10000,201,5.302921231,-0.106201911,74822.35444,75110.72803,-37371.17722,10.94179892
moment_NA_bray.gra.succw,df.3s3,mm_H2,1.560833838,1.160817711,9793,0.178786046,93.95193093,-0.033806611,10000,201,3.836036551,-0.714368876,74822.35444,75110.72803,-37371.17722,10.94179892
person_CESD,df.3s3,mm_H2,25.45930855,4.358877933,197,2.12E-08,93.95193093,-0.033806611,10000,201,34.00270929,16.9159078,74822.35444,75110.72803,-37371.17722,10.94179892
timecw,df.3s3,mm_H2,-0.031719162,0.004956093,9793,1.62E-10,93.95193093,-0.033806611,10000,201,-0.022005221,-0.041433104,74822.35444,75110.72803,-37371.17722,10.94179892
moment_NA_bray.bal.succb,df.3s3,mm_H2,-19.59658637,6.65186899,197,0.003606792,93.95193093,-0.033806611,10000,201,-6.558923154,-32.63424959,74822.35444,75110.72803,-37371.17722,10.94179892
moment_NA_bray.gra.succb,df.3s3,mm_H2,-27.42980901,3.715972836,197,4.29E-12,93.95193093,-0.033806611,10000,201,-20.14650225,-34.71311577,74822.35444,75110.72803,-37371.17722,10.94179892
moment_NAcwL1D,df.3s3,mm_H2,0.335867059,0.01655827,9793,1.22E-89,93.95193093,-0.033806611,10000,201,0.368321268,0.30341285,74822.35444,75110.72803,-37371.17722,10.94179892
moment_NA_bray.bal.succw:person_CESD,df.3s3,mm_H2,-33.39622361,6.907697136,9793,1.35E-06,93.95193093,-0.033806611,10000,201,-19.85713722,-46.93531,74822.35444,75110.72803,-37371.17722,10.94179892
moment_NA_bray.gra.succw:person_CESD,df.3s3,mm_H2,-22.41623629,6.354070335,9793,0.000420861,93.95193093,-0.033806611,10000,201,-9.962258436,-34.87021415,74822.35444,75110.72803,-37371.17722,10.94179892
(Intercept),df.3s4,mm_H1,15.24614591,0.534554108,9795,5.96E-172,84.98689158,-0.048525002,10000,201,16.29387197,14.19841986,73854.43218,73991.41535,-36908.21609,10.64925471
moment_NA_bray.bal.succw,df.3s4,mm_H1,-3.547263467,0.849258354,9795,2.98E-05,84.98689158,-0.048525002,10000,201,-1.882717093,-5.211809842,73854.43218,73991.41535,-36908.21609,10.64925471
moment_NA_bray.gra.succw,df.3s4,mm_H1,-2.527106018,0.762197744,9795,0.000917949,84.98689158,-0.048525002,10000,201,-1.033198439,-4.021013597,73854.43218,73991.41535,-36908.21609,10.64925471
moment_NAcwL1D,df.3s4,mm_H1,0.327479698,0.016412017,9795,7.30E-87,84.98689158,-0.048525002,10000,201,0.359647252,0.295312145,73854.43218,73991.41535,-36908.21609,10.64925471
timecw,df.3s4,mm_H1,-0.03189174,0.004659979,9795,8.18E-12,84.98689158,-0.048525002,10000,201,-0.022758181,-0.041025299,73854.43218,73991.41535,-36908.21609,10.64925471
moment_NA_bray.bal.succb,df.3s4,mm_H1,-29.15310547,7.188019915,198,7.18E-05,84.98689158,-0.048525002,10000,201,-15.06458644,-43.2416245,73854.43218,73991.41535,-36908.21609,10.64925471
moment_NA_bray.gra.succb,df.3s4,mm_H1,-30.82998458,3.751389621,198,2.66E-14,84.98689158,-0.048525002,10000,201,-23.47726093,-38.18270824,73854.43218,73991.41535,-36908.21609,10.64925471
(Intercept),df.3s4,mm_H2,10.04329785,0.806861269,9793,2.67E-35,84.89965332,-0.047388741,10000,201,11.62474594,8.461849766,73813.97953,74102.35312,-36866.98976,10.41821709
moment_NA_bray.bal.succw,df.3s4,mm_H2,2.060844074,1.330488343,9793,0.121428917,84.89965332,-0.047388741,10000,201,4.668601227,-0.546913079,73813.97953,74102.35312,-36866.98976,10.41821709
moment_NA_bray.gra.succw,df.3s4,mm_H2,1.51932147,1.196273499,9793,0.204098689,84.89965332,-0.047388741,10000,201,3.864017529,-0.825374588,73813.97953,74102.35312,-36866.98976,10.41821709
person_CESD,df.3s4,mm_H2,24.55772692,4.212038579,197,2.23E-08,84.89965332,-0.047388741,10000,201,32.81332253,16.3021313,73813.97953,74102.35312,-36866.98976,10.41821709
timecw,df.3s4,mm_H2,-0.03170167,0.004659357,9793,1.08E-11,84.89965332,-0.047388741,10000,201,-0.022569331,-0.040834009,73813.97953,74102.35312,-36866.98976,10.41821709
moment_NA_bray.bal.succb,df.3s4,mm_H2,-17.80894691,6.50477363,197,0.006751105,84.89965332,-0.047388741,10000,201,-5.059590593,-30.55830322,73813.97953,74102.35312,-36866.98976,10.41821709
moment_NA_bray.gra.succb,df.3s4,mm_H2,-26.24276013,3.394163971,197,5.33E-13,84.89965332,-0.047388741,10000,201,-19.59019874,-32.89532151,73813.97953,74102.35312,-36866.98976,10.41821709
moment_NAcwL1D,df.3s4,mm_H2,0.331314628,0.016376518,9793,3.41E-89,84.89965332,-0.047388741,10000,201,0.363412603,0.299216653,73813.97953,74102.35312,-36866.98976,10.41821709
moment_NA_bray.bal.succw:person_CESD,df.3s4,mm_H2,-30.10938748,6.554684436,9793,4.41E-06,84.89965332,-0.047388741,10000,201,-17.26220598,-42.95656897,73813.97953,74102.35312,-36866.98976,10.41821709
moment_NA_bray.gra.succw:person_CESD,df.3s4,mm_H2,-20.6163645,5.947010936,9793,0.000529196,84.89965332,-0.047388741,10000,201,-8.960223065,-32.27250593,73813.97953,74102.35312,-36866.98976,10.41821709
(Intercept),df.3s5,mm_H1,13.15433142,0.559087759,9795,4.05E-119,76.67545793,-0.024090777,10000,201,14.25014343,12.05851941,72921.46326,73058.44642,-36441.73163,10.39541414
moment_NA_bray.bal.succw,df.3s5,mm_H1,-1.44827092,0.709981832,9795,0.041390008,76.67545793,-0.024090777,10000,201,-0.056706529,-2.839835311,72921.46326,73058.44642,-36441.73163,10.39541414
moment_NA_bray.gra.succw,df.3s5,mm_H1,-0.171614069,0.694140637,9795,0.804733539,76.67545793,-0.024090777,10000,201,1.18890158,-1.532129718,72921.46326,73058.44642,-36441.73163,10.39541414
moment_NAcwL1D,df.3s5,mm_H1,0.32536441,0.018430786,9795,1.10E-68,76.67545793,-0.024090777,10000,201,0.36148875,0.289240069,72921.46326,73058.44642,-36441.73163,10.39541414
timecw,df.3s5,mm_H1,-0.0244739,0.004521515,9795,6.35E-08,76.67545793,-0.024090777,10000,201,-0.01561173,-0.03333607,72921.46326,73058.44642,-36441.73163,10.39541414
moment_NA_bray.bal.succb,df.3s5,mm_H1,-18.12469168,7.822629626,198,0.021528762,76.67545793,-0.024090777,10000,201,-2.792337615,-33.45704575,72921.46326,73058.44642,-36441.73163,10.39541414
moment_NA_bray.gra.succb,df.3s5,mm_H1,-29.33841413,4.103977113,198,1.65E-11,76.67545793,-0.024090777,10000,201,-21.29461899,-37.38220928,72921.46326,73058.44642,-36441.73163,10.39541414
(Intercept),df.3s5,mm_H2,8.070227563,0.795245219,9793,4.44E-24,76.65776141,-0.021626455,10000,201,9.628908193,6.511546933,72868.51671,73156.8903,-36394.25835,10.19517943
moment_NA_bray.bal.succw,df.3s5,mm_H2,1.966050895,1.09265445,9793,0.07199655,76.65776141,-0.021626455,10000,201,4.107653616,-0.175551826,72868.51671,73156.8903,-36394.25835,10.19517943
moment_NA_bray.gra.succw,df.3s5,mm_H2,2.218870654,1.007936515,9793,0.027731015,76.65776141,-0.021626455,10000,201,4.194426223,0.243315084,72868.51671,73156.8903,-36394.25835,10.19517943
person_CESD,df.3s5,mm_H2,23.66786654,4.378886752,197,1.86E-07,76.65776141,-0.021626455,10000,201,32.25048457,15.0852485,72868.51671,73156.8903,-36394.25835,10.19517943
timecw,df.3s5,mm_H2,-0.024358067,0.004521365,9793,7.32E-08,76.65776141,-0.021626455,10000,201,-0.015496192,-0.033219942,72868.51671,73156.8903,-36394.25835,10.19517943
moment_NA_bray.bal.succb,df.3s5,mm_H2,-7.467085386,6.536903429,197,0.254717016,76.65776141,-0.021626455,10000,201,5.345245335,-20.27941611,72868.51671,73156.8903,-36394.25835,10.19517943
moment_NA_bray.gra.succb,df.3s5,mm_H2,-22.65298768,3.316128682,197,1.02E-10,76.65776141,-0.021626455,10000,201,-16.15337546,-29.1525999,72868.51671,73156.8903,-36394.25835,10.19517943
moment_NAcwL1D,df.3s5,mm_H2,0.331056696,0.01828398,9793,4.23E-72,76.65776141,-0.021626455,10000,201,0.366893296,0.295220096,72868.51671,73156.8903,-36394.25835,10.19517943
moment_NA_bray.bal.succw:person_CESD,df.3s5,mm_H2,-18.67542671,5.537345577,9793,0.000747419,76.65776141,-0.021626455,10000,201,-7.822229375,-29.52862404,72868.51671,73156.8903,-36394.25835,10.19517943
moment_NA_bray.gra.succw:person_CESD,df.3s5,mm_H2,-12.10875666,5.430908774,9793,0.025796566,76.65776141,-0.021626455,10000,201,-1.464175462,-22.75333786,72868.51671,73156.8903,-36394.25835,10.19517943
(Intercept),df.3s6,mm_H1,14.23816477,0.519287428,9795,1.56E-159,84.25231141,-0.049802713,10000,201,15.25596813,13.22036141,73784.49113,73921.4743,-36873.24557,10.54690275
moment_NA_bray.bal.succw,df.3s6,mm_H1,-2.873749816,0.812329634,9795,0.000405551,84.25231141,-0.049802713,10000,201,-1.281583734,-4.465915899,73784.49113,73921.4743,-36873.24557,10.54690275
moment_NA_bray.gra.succw,df.3s6,mm_H1,-1.071883719,0.746987224,9795,0.15133541,84.25231141,-0.049802713,10000,201,0.392211241,-2.535978678,73784.49113,73921.4743,-36873.24557,10.54690275
moment_NAcwL1D,df.3s6,mm_H1,0.323431877,0.017235577,9795,3.25E-77,84.25231141,-0.049802713,10000,201,0.357213608,0.289650146,73784.49113,73921.4743,-36873.24557,10.54690275
timecw,df.3s6,mm_H1,-0.02814912,0.004626515,9795,1.21E-09,84.25231141,-0.049802713,10000,201,-0.019081152,-0.037217089,73784.49113,73921.4743,-36873.24557,10.54690275
moment_NA_bray.bal.succb,df.3s6,mm_H1,-18.72471905,7.310160707,198,0.011167272,84.25231141,-0.049802713,10000,201,-4.396804061,-33.05263403,73784.49113,73921.4743,-36873.24557,10.54690275
moment_NA_bray.gra.succb,df.3s6,mm_H1,-30.3996862,3.880461195,198,2.82E-13,84.25231141,-0.049802713,10000,201,-22.79398225,-38.00539014,73784.49113,73921.4743,-36873.24557,10.54690275
(Intercept),df.3s6,mm_H2,9.470555022,0.798626182,9793,3.23E-32,84.21275051,-0.048247722,10000,201,11.03586234,7.905247705,73756.47494,74044.84854,-36838.23747,10.36655848
moment_NA_bray.bal.succw,df.3s6,mm_H2,1.852266325,1.297092802,9793,0.153319797,84.21275051,-0.048247722,10000,201,4.394568217,-0.690035567,73756.47494,74044.84854,-36838.23747,10.36655848
moment_NA_bray.gra.succw,df.3s6,mm_H2,1.605591491,1.23470237,9793,0.193498804,84.21275051,-0.048247722,10000,201,4.025608135,-0.814425154,73756.47494,74044.84854,-36838.23747,10.36655848
person_CESD,df.3s6,mm_H2,22.25188631,4.190218378,197,2.94E-07,84.21275051,-0.048247722,10000,201,30.46471433,14.03905829,73756.47494,74044.84854,-36838.23747,10.36655848
timecw,df.3s6,mm_H2,-0.027788248,0.004630719,9793,2.03E-09,84.21275051,-0.048247722,10000,201,-0.018712039,-0.036864456,73756.47494,74044.84854,-36838.23747,10.36655848
moment_NA_bray.bal.succb,df.3s6,mm_H2,-10.87886644,6.589658995,197,0.100352311,84.21275051,-0.048247722,10000,201,2.036865192,-23.79459807,73756.47494,74044.84854,-36838.23747,10.36655848
moment_NA_bray.gra.succb,df.3s6,mm_H2,-25.75106507,3.459926797,197,2.99E-12,84.21275051,-0.048247722,10000,201,-18.96960855,-32.53252159,73756.47494,74044.84854,-36838.23747,10.36655848
moment_NAcwL1D,df.3s6,mm_H2,0.327013361,0.017230672,9793,6.62E-79,84.21275051,-0.048247722,10000,201,0.360785478,0.293241243,73756.47494,74044.84854,-36838.23747,10.36655848
moment_NA_bray.bal.succw:person_CESD,df.3s6,mm_H2,-25.03710025,6.02267822,9793,3.25E-05,84.21275051,-0.048247722,10000,201,-13.23265094,-36.84154956,73756.47494,74044.84854,-36838.23747,10.36655848
moment_NA_bray.gra.succw:person_CESD,df.3s6,mm_H2,-13.33475609,5.521262262,9793,0.015746305,84.21275051,-0.048247722,10000,201,-2.513082055,-24.15643012,73756.47494,74044.84854,-36838.23747,10.36655848
